[
  {
    "time": 23.328,
    "score": 0,
    "highscore": 3,
    "date": "2024-12-03 19:19:44",
    "note": "Great game! Keep improving!"
  },
  {
    "time": 44.393,
    "score": 17,
    "highscore": 17,
    "date": "2024-12-03 19:20:29",
    "note": "Great game! Keep improving!"
  },
  {
    "time": 2.704,
    "score": 0,
    "highscore": 0,
    "date": "2024-12-03 19:20:32",
    "note": "Great game! Keep improving!"
  },
  {
    "time": 2.702,
    "score": 0,
    "highscore": 0,
    "date": "2024-12-03 19:20:35",
    "note": "Great game! Keep improving!"
  },
  {
    "time": 2.703,
    "score": 0,
    "highscore": 0,
    "date": "2024-12-03 19:20:38",
    "note": "Great game! Keep improving!"
  },
  {
    "time": 2.103,
    "score": 1,
    "highscore": 1,
    "date": "2024-12-03 19:20:40",
    "note": "Great game! Keep improving!"
  },
  {
    "time": 5.507,
    "score": 0,
    "highscore": 0,
    "date": "2024-12-03 19:20:46",
    "note": "Great game! Keep improving!"
  },
  {
    "time": 2.707,
    "score": 0,
    "highscore": 0,
    "date": "2024-12-03 19:20:49",
    "note": "Great game! Keep improving!"
  },
  {
    "time": 2.701,
    "score": 0,
    "highscore": 0,
    "date": "2024-12-03 19:20:52",
    "note": "Great game! Keep improving!"
  },
  {
    "time": 2.697,
    "score": 0,
    "highscore": 0,
    "date": "2024-12-03 19:20:55",
    "note": "Great game! Keep improving!"
  },
  {
    "time": 2.701,
    "score": 0,
    "highscore": 0,
    "date": "2024-12-03 19:20:58",
    "note": "Great game! Keep improving!"
  },
  {
    "time": 3.592,
    "score": 1,
    "highscore": 1,
    "date": "2024-12-03 19:21:02",
    "note": "Great game! Keep improving!"
  },
  {
    "time": 2.709,
    "score": 0,
    "highscore": 0,
    "date": "2024-12-03 19:21:05",
    "note": "Great game! Keep improving!"
  },
  {
    "time": 6.455,
    "score": 2,
    "highscore": 2,
    "date": "2024-12-03 19:26:05",
    "note": "Great game! Keep improving!"
  },
  {
    "time": 36.607,
    "score": 14,
    "highscore": 14,
    "date": "2024-12-03 19:26:42",
    "note": "Great game! Keep improving!"
  },
  {
    "time": 37.508,
    "score": 13,
    "highscore": 13,
    "date": "2024-12-03 19:27:20",
    "note": "Great game! Keep improving!"
  },
  {
    "time": 8.271,
    "score": 0,
    "highscore": 0,
    "date": "2024-12-03 19:27:28",
    "note": "Great game! Keep improving!"
  },
  {
    "time": 11.674,
    "score": 0,
    "highscore": 0,
    "date": "2024-12-03 19:27:41",
    "note": "Great game! Keep improving!"
  },
  {
    "time": 146.285,
    "score": 1,
    "highscore": 9,
    "date": "2024-12-10 15:19:34",
    "note": "Great game! Keep improving!"
  },
  {
    "time": 4.751,
    "score": 1,
    "highscore": 1,
    "date": "2024-12-10 15:19:39",
    "note": "Great game! Keep improving!"
  },
  {
    "time": 0.092,
    "score": 0,
    "highscore": 1,
    "date": "2024-12-10 15:19:39",
    "note": "Great game! Keep improving!"
  },
  {
    "time": 110.405,
    "score": 36,
    "highscore": 36,
    "date": "2024-12-10 15:21:30",
    "note": "Great game! Keep improving!"
  },
  {
    "time": 21.124,
    "score": 0,
    "highscore": 0,
    "date": "2024-12-10 15:21:51",
    "note": "Great game! Keep improving!"
  },
  {
    "time": 17.018,
    "score": 0,
    "highscore": 0,
    "date": "2024-12-10 15:22:10",
    "note": "Great game! Keep improving!"
  },
  {
    "time": 18.205,
    "score": 0,
    "highscore": 0,
    "date": "2024-12-10 15:22:29",
    "note": "Great game! Keep improving!"
  },
  {
    "time": 2.712,
    "score": 0,
    "highscore": 0,
    "date": "2024-12-10 15:22:32",
    "note": "Great game! Keep improving!"
  },
  {
    "time": 8.515,
    "score": 0,
    "highscore": 0,
    "date": "2024-12-10 15:22:40",
    "note": "Great game! Keep improving!"
  },
  {
    "time": 26.997,
    "score": 0,
    "highscore": 0,
    "date": "2024-12-10 15:23:08",
    "note": "Great game! Keep improving!"
  },
  {
    "time": 58.02,
    "score": 0,
    "highscore": 0,
    "date": "2024-12-10 15:24:07",
    "note": "Great game! Keep improving!"
  },
  {
    "time": 7.632,
    "score": 0,
    "highscore": 0,
    "date": "2024-12-10 15:24:15",
    "note": "Great game! Keep improving!"
  },
  {
    "time": 27.002,
    "score": 0,
    "highscore": 0,
    "date": "2024-12-10 15:24:43",
    "note": "Great game! Keep improving!"
  },
  {
    "time": 59.493,
    "score": 0,
    "highscore": 0,
    "date": "2024-12-10 15:25:44",
    "note": "Great game! Keep improving!"
  },
  {
    "time": 14.162,
    "score": 0,
    "highscore": 0,
    "date": "2024-12-10 15:25:58",
    "note": "Great game! Keep improving!"
  },
  {
    "time": 25.9,
    "score": 0,
    "highscore": 0,
    "date": "2024-12-10 15:26:25",
    "note": "Great game! Keep improving!"
  },
  {
    "time": 6.607,
    "score": 1,
    "highscore": 1,
    "date": "2024-12-10 15:26:32",
    "note": "Great game! Keep improving!"
  },
  {
    "time": 2.701,
    "score": 0,
    "highscore": 0,
    "date": "2024-12-10 15:26:35",
    "note": "Great game! Keep improving!"
  },
  {
    "time": 2.686,
    "score": 0,
    "highscore": 0,
    "date": "2024-12-10 15:26:38",
    "note": "Great game! Keep improving!"
  },
  {
    "time": 2.693,
    "score": 0,
    "highscore": 0,
    "date": "2024-12-10 15:26:41",
    "note": "Great game! Keep improving!"
  },
  {
    "time": 2.705,
    "score": 0,
    "highscore": 0,
    "date": "2024-12-10 15:26:44",
    "note": "Great game! Keep improving!"
  },
  {
    "time": 2.698,
    "score": 0,
    "highscore": 0,
    "date": "2024-12-10 15:26:47",
    "note": "Great game! Keep improving!"
  },
  {
    "time": 4.889,
    "score": 0,
    "highscore": 0,
    "date": "2024-12-10 15:26:52",
    "note": "Great game! Keep improving!"
  },
  {
    "time": 26.999,
    "score": 0,
    "highscore": 0,
    "date": "2024-12-10 15:27:20",
    "note": "Great game! Keep improving!"
  },
  {
    "time": 26.993,
    "score": 0,
    "highscore": 0,
    "date": "2024-12-10 15:27:48",
    "note": "Great game! Keep improving!"
  },
  {
    "time": 13.608,
    "score": 0,
    "highscore": 0,
    "date": "2024-12-10 15:29:29",
    "note": "Great game! Keep improving!"
  },
  {
    "time": 26.992,
    "score": 0,
    "highscore": 0,
    "date": "2024-12-10 15:29:57",
    "note": "Great game! Keep improving!"
  },
  {
    "time": 46.51,
    "score": 0,
    "highscore": 0,
    "date": "2024-12-10 15:30:45",
    "note": "Great game! Keep improving!"
  },
  {
    "time": 23.158,
    "score": 0,
    "highscore": 0,
    "date": "2024-12-10 15:31:08",
    "note": "Great game! Keep improving!"
  },
  {
    "time": 13.653,
    "score": 0,
    "highscore": 0,
    "date": "2024-12-10 15:31:23",
    "note": "Great game! Keep improving!"
  },
  {
    "time": 6.894,
    "score": 0,
    "highscore": 0,
    "date": "2024-12-10 15:31:30",
    "note": "Great game! Keep improving!"
  },
  {
    "time": 27.004,
    "score": 0,
    "highscore": 0,
    "date": "2024-12-10 15:31:58",
    "note": "Great game! Keep improving!"
  }
]