[
  {
    "time": 17.221,
    "score": 13,
    "highscore": 50,
    "date": "2025-02-11 12:07:33",
    "note": "Great game! Keep improving!"
  },
  {
    "time": 1.307,
    "score": 0,
    "highscore": 50,
    "date": "2025-02-11 12:07:34",
    "note": "Great game! Keep improving!"
  },
  {
    "time": 17.992,
    "score": 1,
    "highscore": 50,
    "date": "2025-02-11 12:07:53",
    "note": "Great game! Keep improving!"
  },
  {
    "time": 1.346,
    "score": 0,
    "highscore": 50,
    "date": "2025-02-11 12:08:10",
    "note": "Great game! Keep improving!"
  },
  {
    "time": 0,
    "score": 0,
    "highscore": 50,
    "date": "2025-02-11 12:08:10",
    "note": "Great game! Keep improving!"
  },
  {
    "time": 0.312,
    "score": 0,
    "highscore": 50,
    "date": "2025-02-11 12:08:11",
    "note": "Great game! Keep improving!"
  },
  {
    "time": 16.196,
    "score": 0,
    "highscore": 50,
    "date": "2025-02-11 12:08:27",
    "note": "Great game! Keep improving!"
  },
  {
    "time": 28.155,
    "score": 0,
    "highscore": 50,
    "date": "2025-02-11 12:08:56",
    "note": "Great game! Keep improving!"
  },
  {
    "time": 29.001,
    "score": 0,
    "highscore": 50,
    "date": "2025-02-11 12:09:27",
    "note": "Great game! Keep improving!"
  },
  {
    "time": 18.01,
    "score": 1,
    "highscore": 50,
    "date": "2025-02-11 12:09:46",
    "note": "Great game! Keep improving!"
  },
  {
    "time": 29.01,
    "score": 0,
    "highscore": 50,
    "date": "2025-02-11 12:10:16",
    "note": "Great game! Keep improving!"
  },
  {
    "time": 17.932,
    "score": 23,
    "highscore": 50,
    "date": "2025-02-11 12:17:02",
    "note": "Great game! Keep improving!"
  },
  {
    "time": 5.297,
    "score": 3,
    "highscore": 50,
    "date": "2025-02-11 12:17:37",
    "note": "Great game! Keep improving!"
  },
  {
    "time": 28.107,
    "score": 0,
    "highscore": 50,
    "date": "2025-02-11 12:18:06",
    "note": "Great game! Keep improving!"
  },
  {
    "time": 24.925,
    "score": 0,
    "highscore": 50,
    "date": "2025-02-11 12:18:32",
    "note": "Great game! Keep improving!"
  },
  {
    "time": 13.602,
    "score": 5,
    "highscore": 50,
    "date": "2025-02-11 12:18:46",
    "note": "Great game! Keep improving!"
  },
  {
    "time": 18.689,
    "score": 0,
    "highscore": 50,
    "date": "2025-02-11 12:19:05",
    "note": "Great game! Keep improving!"
  },
  {
    "time": 26.512,
    "score": 0,
    "highscore": 50,
    "date": "2025-02-11 12:19:32",
    "note": "Great game! Keep improving!"
  },
  {
    "time": 19.702,
    "score": 7,
    "highscore": 50,
    "date": "2025-02-11 12:19:52",
    "note": "Great game! Keep improving!"
  },
  {
    "time": 19.246,
    "score": 16,
    "highscore": 50,
    "date": "2025-02-11 12:20:14",
    "note": "Great game! Keep improving!"
  },
  {
    "time": 2.238,
    "score": 2,
    "highscore": 50,
    "date": "2025-02-11 12:20:17",
    "note": "Great game! Keep improving!"
  },
  {
    "time": 0,
    "score": 0,
    "highscore": 50,
    "date": "2025-02-11 12:21:16",
    "note": "Great game! Keep improving!"
  },
  {
    "time": 0.108,
    "score": 0,
    "highscore": 50,
    "date": "2025-02-11 12:21:16",
    "note": "Great game! Keep improving!"
  },
  {
    "time": 0.109,
    "score": 0,
    "highscore": 50,
    "date": "2025-02-11 12:21:16",
    "note": "Great game! Keep improving!"
  },
  {
    "time": 0.204,
    "score": 0,
    "highscore": 50,
    "date": "2025-02-11 12:21:17",
    "note": "Great game! Keep improving!"
  },
  {
    "time": 0.107,
    "score": 0,
    "highscore": 50,
    "date": "2025-02-11 12:21:17",
    "note": "Great game! Keep improving!"
  },
  {
    "time": 0,
    "score": 0,
    "highscore": 0,
    "date": "2025-02-11 12:21:17",
    "note": "Great game! Keep improving!"
  },
  {
    "time": 0.109,
    "score": 0,
    "highscore": 50,
    "date": "2025-02-11 12:21:17",
    "note": "Great game! Keep improving!"
  },
  {
    "time": 0.001,
    "score": 0,
    "highscore": 50,
    "date": "2025-02-11 12:21:18",
    "note": "Great game! Keep improving!"
  },
  {
    "time": 0.102,
    "score": 0,
    "highscore": 50,
    "date": "2025-02-11 12:21:18",
    "note": "Great game! Keep improving!"
  },
  {
    "time": 16.81,
    "score": 6,
    "highscore": 49,
    "date": "2025-02-11 12:38:59",
    "note": "Great game! Keep improving!"
  },
  {
    "time": 2.912,
    "score": 0,
    "highscore": 49,
    "date": "2025-02-11 12:39:02",
    "note": "Great game! Keep improving!"
  },
  {
    "time": 2.609,
    "score": 5,
    "highscore": 49,
    "date": "2025-02-11 12:39:05",
    "note": "Great game! Keep improving!"
  },
  {
    "time": 20.941,
    "score": 18,
    "highscore": 49,
    "date": "2025-02-11 12:39:44",
    "note": "Great game! Keep improving!"
  },
  {
    "time": 2.405,
    "score": 0,
    "highscore": 49,
    "date": "2025-02-11 12:39:46",
    "note": "Great game! Keep improving!"
  },
  {
    "time": 2.411,
    "score": 0,
    "highscore": 49,
    "date": "2025-02-11 12:39:53",
    "note": "Great game! Keep improving!"
  },
  {
    "time": 2.911,
    "score": 0,
    "highscore": 49,
    "date": "2025-02-11 12:39:57",
    "note": "Great game! Keep improving!"
  },
  {
    "time": 2.893,
    "score": 0,
    "highscore": 49,
    "date": "2025-02-11 12:40:00",
    "note": "Great game! Keep improving!"
  },
  {
    "time": 2.899,
    "score": 0,
    "highscore": 49,
    "date": "2025-02-11 12:40:03",
    "note": "Great game! Keep improving!"
  },
  {
    "time": 11.981,
    "score": 0,
    "highscore": 49,
    "date": "2025-02-11 12:40:18",
    "note": "Great game! Keep improving!"
  },
  {
    "time": 28.996,
    "score": 0,
    "highscore": 49,
    "date": "2025-02-11 12:40:48",
    "note": "Great game! Keep improving!"
  },
  {
    "time": 11.975,
    "score": 0,
    "highscore": 49,
    "date": "2025-02-11 12:41:01",
    "note": "Great game! Keep improving!"
  },
  {
    "time": 2.398,
    "score": 0,
    "highscore": 49,
    "date": "2025-02-11 12:41:04",
    "note": "Great game! Keep improving!"
  },
  {
    "time": 2.893,
    "score": 0,
    "highscore": 49,
    "date": "2025-02-11 12:41:07",
    "note": "Great game! Keep improving!"
  },
  {
    "time": 26.057,
    "score": 19,
    "highscore": 10000000,
    "date": "2025-02-11 12:44:20",
    "note": "Great game! Keep improving!"
  },
  {
    "time": 0.109,
    "score": 0,
    "highscore": 10000000,
    "date": "2025-02-11 12:44:20",
    "note": "Great game! Keep improving!"
  },
  {
    "time": 2.317,
    "score": 2,
    "highscore": 10000000,
    "date": "2025-02-11 12:44:22",
    "note": "Great game! Keep improving!"
  },
  {
    "time": 2.9,
    "score": 0,
    "highscore": 8,
    "date": "2025-02-11 12:52:31",
    "note": "Great game! Keep improving!"
  },
  {
    "time": 2.904,
    "score": 0,
    "highscore": 80,
    "date": "2025-02-11 12:52:35",
    "note": "Great game! Keep improving!"
  },
  {
    "time": 15.43,
    "score": 16,
    "highscore": 100,
    "date": "2025-02-11 12:57:15",
    "note": "Great game! Keep improving!"
  },
  {
    "time": 6.701,
    "score": 0,
    "highscore": 100,
    "date": "2025-02-11 12:57:30",
    "note": "Great game! Keep improving!"
  },
  {
    "time": 16.796,
    "score": 1,
    "highscore": 100,
    "date": "2025-02-11 12:57:48",
    "note": "Great game! Keep improving!"
  },
  {
    "score": 5,
    "timestamp": "2025-02-11T11:58:21.507Z"
  },
  {
    "score": 14,
    "timestamp": "2025-02-11T11:58:36.967Z"
  },
  {
    "gameVersion": "default_version",
    "score": 3,
    "highscore": 100,
    "time": 8.402,
    "date": "2025-02-11 13:10:56",
    "note": "Great game! Keep improving!",
    "timestamp": "2025-02-11T12:10:57.012Z"
  },
  {
    "gameVersion": "default_version",
    "score": 0,
    "highscore": 100,
    "time": 2.904,
    "date": "2025-02-11 13:11:00",
    "note": "Great wgame! Keep improving!",
    "timestamp": "2025-02-11T12:11:00.256Z"
  },
  {
    "gameVersion": "default_version",
    "score": 6,
    "highscore": 100,
    "time": 3.913,
    "date": "2025-02-11 13:11:17",
    "note": "Great game! Keep improving!",
    "timestamp": "2025-02-11T12:11:17.433Z"
  },
  {
    "gameVersion": "default_version",
    "score": 17,
    "highscore": 100,
    "time": 11.729,
    "date": "2025-02-11 13:11:29",
    "note": "Great game! Keep improving!",
    "timestamp": "2025-02-11T12:11:29.551Z"
  },
  {
    "gameVersion": "default_version",
    "score": 0,
    "highscore": 100,
    "time": 2.489,
    "date": "2025-02-11 13:11:32",
    "note": "Great game! Keep improving!",
    "timestamp": "2025-02-11T12:11:32.384Z"
  },
  {
    "gameVersion": "default_version",
    "score": 0,
    "highscore": 100,
    "time": 2.9,
    "date": "2025-02-11 13:11:35",
    "note": "Great game! Keep improving!",
    "timestamp": "2025-02-11T12:11:35.606Z"
  },
  {
    "gameVersion": "default_version",
    "score": 0,
    "highscore": 100,
    "time": 2.901,
    "date": "2025-02-11 13:11:38",
    "note": "Great game! Keep improving!",
    "timestamp": "2025-02-11T12:11:38.829Z"
  },
  {
    "gameVersion": "default_version",
    "score": 0,
    "highscore": 100,
    "time": 3.202,
    "date": "2025-02-11 13:11:42",
    "note": "Great game! Keep improving!",
    "timestamp": "2025-02-11T12:11:42.383Z"
  },
  {
    "gameVersion": "default_version",
    "score": 22,
    "highscore": 100,
    "time": 11.947,
    "date": "2025-02-11 13:11:54",
    "note": "Great game! Keep improving!",
    "timestamp": "2025-02-11T12:11:54.679Z"
  },
  {
    "gameVersion": "Powerup-version",
    "score": 0,
    "highscore": 100,
    "time": 0.204,
    "date": "2025-02-11 13:13:53",
    "note": "Great game! Keep improving!",
    "timestamp": "2025-02-11T12:13:53.254Z"
  },
  {
    "gameVersion": "Powerup-version",
    "score": 0,
    "highscore": 100,
    "time": 0.899,
    "date": "2025-02-11 13:14:14",
    "note": "Great game! Keep improving!",
    "timestamp": "2025-02-11T12:14:14.548Z"
  },
  {
    "gameVersion": "default_version",
    "score": 1,
    "highscore": 100,
    "time": 2.9,
    "date": "2025-02-11 13:20:12",
    "note": "Great game! Keep improving!",
    "timestamp": "2025-02-11T12:20:12.631Z"
  },
  {
    "gameVersion": "Powerup-version",
    "score": 0,
    "highscore": 100,
    "time": 0.907,
    "date": "2025-02-11 13:21:48",
    "note": "Great game! Keep improving!",
    "timestamp": "2025-02-11T12:21:48.809Z"
  },
  {
    "gameVersion": "Powerup-version",
    "score": 0,
    "highscore": 100,
    "time": 0.9,
    "date": "2025-02-11 13:21:57",
    "note": "Great game! Keep improving!",
    "timestamp": "2025-02-11T12:21:57.343Z"
  },
  {
    "gameVersion": "Powerup-version",
    "score": 0,
    "highscore": 100,
    "time": 2.899,
    "date": "2025-02-11 13:22:00",
    "note": "Great game! Keep improving!",
    "timestamp": "2025-02-11T12:22:00.600Z"
  },
  {
    "gameVersion": "Powerup-version",
    "score": 0,
    "highscore": 100,
    "time": 0.601,
    "date": "2025-02-11 13:23:45",
    "note": "Great game! Keep improving!"
  },
  {
    "gameVersion": "Powerup-version",
    "score": 0,
    "highscore": 100,
    "time": 6.603,
    "date": "2025-02-11 13:23:52",
    "note": "Great game! Keep improving!"
  },
  {
    "gameVersion": "Powerup-version",
    "score": 0,
    "highscore": 100,
    "time": 0.213,
    "date": "2025-02-11 13:24:01",
    "note": "Great game! Keep improving!"
  },
  {
    "gameVersion": "Powerup-version",
    "score": 0,
    "highscore": 100,
    "time": 0.799,
    "date": "2025-02-11 13:24:02",
    "note": "Great game! Keep improving!"
  },
  {
    "gameVersion": "Powerup-version",
    "score": 0,
    "highscore": 100,
    "time": 2.198,
    "date": "2025-02-11 13:24:04",
    "note": "Great game! Keep improving!"
  },
  {
    "gameVersion": "Powerup-version",
    "score": 0,
    "highscore": 100,
    "time": 1.095,
    "date": "2025-02-11 13:24:06",
    "note": "Great game! Keep improving!"
  },
  {
    "gameVersion": "Powerup-version",
    "score": 0,
    "highscore": 100,
    "time": 1.3,
    "date": "2025-02-11 13:24:07",
    "note": "Great game! Keep improving!"
  },
  {
    "gameVersion": "Powerup-version",
    "score": 0,
    "highscore": 100,
    "time": 2.908,
    "date": "2025-02-11 13:24:11",
    "note": "Great game! Keep improving!"
  },
  {
    "gameVersion": "Powerup-version",
    "score": 0,
    "highscore": 100,
    "time": 2.894,
    "date": "2025-02-11 13:24:14",
    "note": "Great game! Keep improving!"
  },
  {
    "gameVersion": "Powerup-version",
    "score": 0,
    "highscore": 100,
    "time": 0.499,
    "date": "2025-02-11 13:24:18",
    "note": "Great game! Keep improving!"
  }
]